{"tradable":true,
    "mode":"full",
    "instrument_token":895745,
    "last_price":715.75,
    "last_quantity":3,
    "average_price":720.16,
    "volume":3732600,
    "buy_quantity":577139,
    "sell_quantity":824631,
    "ohlc":{"open":724.95,"high":726,"low":714.4,"close":724.05},
    "change":-1.146329673365093,
    "last_trade_time":"2021-03-17T05:44:41.000Z",
    "timestamp":"2021-03-17T05:44:41.000Z",
    "oi":0,
    "oi_day_high":0,
    "oi_day_low":0,
    "depth":{"buy":[{"quantity":718,"price":715.6,"orders":7},{"quantity":736,"price":715.55,"orders":1},{"quantity":1834,"price":715.5,"orders":20},{"quantity":1,"price":715.45,"orders":1},{"quantity":979,"price":715.4,"orders":5}],
    "sell":[{"quantity":1875,"price":715.75,"orders":6},{"quantity":4990,"price":715.8,"orders":8},{"quantity":4320,"price":715.85,"orders":6},{"quantity":3383,"price":715.9,"orders":22},{"quantity":5186,"price":715.95,"orders":9}]
    }
}



{
    tradable: true,
    mode: 'full',
    instrument_token: 895745,
    last_price: 710.5,
    last_quantity: 49,
    average_price: 718.16,
    volume: 5766712,
    buy_quantity: 592222,
    sell_quantity: 895467,
    ohlc: { open: 724.95, high: 726, low: 709.5, close: 724.05 },
    change: -1.8714177197707278,
    last_trade_time: 2021-03-17T07:22:16.000Z,
    timestamp: 2021-03-17T07:22:17.000Z,
    oi: 0,
    oi_day_high: 0,
    oi_day_low: 0,
    depth: {
      buy: [ [Object], [Object], [Object], [Object], [Object] ],
      sell: [ [Object], [Object], [Object], [Object], [Object] ]
    }
  }